{"L": {"M01": {"M01": 1.0989, "M02": 0.01857, "M03": 0.16714, "M04": 0.0143, "M05": 0.04519, "M06": 0.0353, "M07": 0.00828, "M08": 0.0042, "M09": 0.00693, "M10": 0.0147, "M11": 0.00982, "M12": 0.02209}, "M02": {"M01": 0.01411, "M02": 1.14091, "M03": 0.08682, "M04": 0.06743, "M05": 0.0463, "M06": 0.01196, "M07": 0.00393, "M08": 0.00248, "M09": 0.0027, "M10": 0.00488, "M11": 0.00585, "M12": 0.00906}, "M03": {"M01": 0.18125, "M02": 0.1183, "M03": 1.32663, "M04": 0.07437, "M05": 0.29579, "M06": 0.14152, "M07": 0.04382, "M08": 0.01966, "M09": 0.02511, "M10": 0.04579, "M11": 0.05961, "M12": 0.10443}, "M04": {"M01": 0.01934, "M02": 0.03777, "M03": 0.04894, "M04": 1.4102, "M05": 0.01788, "M06": 0.03565, "M07": 0.01815, "M08": 0.02098, "M09": 0.00519, "M10": 0.01578, "M11": 0.02834, "M12": 0.03386}, "M05": {"M01": 0.00392, "M02": 0.0103, "M03": 0.00835, "M04": 0.04437, "M05": 1.12074, "M06": 0.02741, "M07": 0.00513, "M08": 0.00762, "M09": 0.03326, "M10": 0.01025, "M11": 0.02673, "M12": 0.02234}, "M06": {"M01": 0.10255, "M02": 0.21313, "M03": 0.18064, "M04": 0.11323, "M05": 0.18403, "M06": 1.19198, "M07": 0.08999, "M08": 0.0351, "M09": 0.02312, "M10": 0.05968, "M11": 0.06124, "M12": 0.08976}, "M07": {"M01": 0.00395, "M02": 0.00668, "M03": 0.00773, "M04": 0.01273, "M05": 0.00874, "M06": 0.0229, "M07": 1.15751, "M08": 0.01209, "M09": 0.00478, "M10": 0.02597, "M11": 0.01427, "M12": 0.01706}, "M08": {"M01": 0.01645, "M02": 0.02104, "M03": 0.02533, "M04": 0.03246, "M05": 0.04942, "M06": 0.04169, "M07": 0.02305, "M08": 1.23502, "M09": 0.02964, "M10": 0.02856, "M11": 0.03774, "M12": 0.02879}, "M09": {"M01": 0.00557, "M02": 0.01449, "M03": 0.01301, "M04": 0.01768, "M05": 0.0115, "M06": 0.04322, "M07": 0.03332, "M08": 0.0368, "M09": 1.00995, "M10": 0.03565, "M11": 0.01816, "M12": 0.04234}, "M10": {"M01": 0.02304, "M02": 0.06045, "M03": 0.05189, "M04": 0.0945, "M05": 0.04276, "M06": 0.08611, "M07": 0.20101, "M08": 0.12028, "M09": 0.04758, "M10": 1.15434, "M11": 0.16071, "M12": 0.08643}, "M11": {"M01": 0.00013, "M02": 0.00042, "M03": 0.00028, "M04": 0.00246, "M05": 0.00025, "M06": 0.00066, "M07": 0.00025, "M08": 0.00302, "M09": 0.00153, "M10": 0.00061, "M11": 1.11009, "M12": 0.00053}, "M12": {"M01": 0.00295, "M02": 0.0077, "M03": 0.00573, "M04": 0.00803, "M05": 0.00417, "M06": 0.00793, "M07": 0.00884, "M08": 0.03584, "M09": 0.00341, "M10": 0.00857, "M11": 0.01369, "M12": 1.09189}}, "A": {"M01": {"M01": 0.06959, "M02": 0.00011, "M03": 0.11506, "M04": 0.00167, "M05": 0.00467, "M06": 0.0131, "M07": 0.0, "M08": 3e-05, "M09": 0.00273, "M10": 0.00641, "M11": 0.00015, "M12": 0.00599}, "M02": {"M01": 0.00129, "M02": 0.11608, "M03": 0.05603, "M04": 0.03853, "M05": 0.02083, "M06": 0.00053, "M07": 0.0, "M08": 0.0, "M09": 4e-05, "M10": 0.00076, "M11": 0.0, "M12": 0.00023}, "M03": {"M01": 0.11963, "M02": 0.0602, "M03": 0.21272, "M04": 0.02292, "M05": 0.18581, "M06": 0.08146, "M07": 0.0166, "M08": 0.00381, "M09": 0.00896, "M10": 0.02208, "M11": 0.02697, "M12": 0.05868}, "M04": {"M01": 0.00683, "M02": 0.01733, "M03": 0.02134, "M04": 0.2865, "M05": 0.00101, "M06": 0.01722, "M07": 0.00728, "M08": 0.00986, "M09": 0.00187, "M10": 0.00724, "M11": 0.01421, "M12": 0.01732}, "M05": {"M01": 0.00049, "M02": 0.00286, "M03": 0.00131, "M04": 0.02556, "M05": 0.10153, "M06": 0.0184, "M07": 0.00011, "M08": 0.00271, "M09": 0.02874, "M10": 0.00551, "M11": 0.01824, "M12": 0.01429}, "M06": {"M01": 0.06025, "M02": 0.14457, "M03": 0.0956, "M04": 0.04978, "M05": 0.10534, "M06": 0.13743, "M07": 0.05409, "M08": 0.01515, "M09": 0.01012, "M10": 0.03551, "M11": 0.03027, "M12": 0.05114}, "M07": {"M01": 0.00084, "M02": 0.0008, "M03": 0.00183, "M04": 0.00498, "M05": 0.00275, "M06": 0.01455, "M07": 0.13132, "M08": 0.00578, "M09": 0.00253, "M10": 0.01831, "M11": 0.00704, "M12": 0.01027}, "M08": {"M01": 0.00748, "M02": 0.00751, "M03": 0.00919, "M04": 0.01341, "M05": 0.02752, "M06": 0.02379, "M07": 0.00994, "M08": 0.18612, "M09": 0.02116, "M10": 0.017, "M11": 0.02162, "M12": 0.0151}, "M09": {"M01": 0.00027, "M02": 0.00386, "M03": 0.00304, "M04": 0.0067, "M05": 0.00144, "M06": 0.03194, "M07": 0.02035, "M08": 0.02466, "M09": 0.00672, "M10": 0.02747, "M11": 0.00861, "M12": 0.03219}, "M10": {"M01": 0.00704, "M02": 0.02988, "M03": 0.01964, "M04": 0.04763, "M05": 0.01218, "M06": 0.05165, "M07": 0.14364, "M08": 0.07834, "M09": 0.03557, "M10": 0.12253, "M11": 0.11558, "M12": 0.05547}, "M11": {"M01": 0.0, "M02": 0.00015, "M03": 2e-05, "M04": 0.00145, "M05": 0.0, "M06": 0.0003, "M07": 1e-05, "M08": 0.00209, "M09": 0.00127, "M10": 0.00035, "M11": 0.09897, "M12": 0.00023}, "M12": {"M01": 0.00108, "M02": 0.00423, "M03": 0.00209, "M04": 0.0035, "M05": 0.0005, "M06": 0.00419, "M07": 0.00499, "M08": 0.02575, "M09": 0.00184, "M10": 0.00562, "M11": 0.00906, "M12": 0.08215}}, "x_produccion": {"M01": 124493.4, "M02": 108541.8, "M03": 433320.4, "M04": 90567.4, "M05": 158240.2, "M06": 394772.0, "M07": 42253.0, "M08": 88377.8, "M09": 116338.0, "M10": 123462.0, "M11": 283274.2, "M12": 63373.8}, "nombres": {"M01": "Agropecuario", "M02": "Miner\u00eda y energ\u00eda", "M03": "Manufactura", "M04": "Electricidad y agua", "M05": "Construcci\u00f3n", "M06": "Comercio, transporte y turismo", "M07": "TIC y econom\u00eda digital", "M08": "Financiero y seguros", "M09": "Inmobiliario", "M10": "Servicios profesionales", "M11": "Gobierno, educ. y salud", "M12": "Arte y recreaci\u00f3n"}, "macros": ["M01", "M02", "M03", "M04", "M05", "M06", "M07", "M08", "M09", "M10", "M11", "M12"]}